[
  {
    "id" : "IHE.ToDo.client",
    "type" : "CapabilityStatement",
    "url" : "https://profiles.ihe.net/ITI/VHL/CapabilityStatement/IHE.ToDo.client",
    "version" : "0.0.1-current",
    "name" : "IHE_ToDo_client"
  },
  {
    "id" : "IHE.ToDo.server",
    "type" : "CapabilityStatement",
    "url" : "https://profiles.ihe.net/ITI/VHL/CapabilityStatement/IHE.ToDo.server",
    "version" : "0.0.1-current",
    "name" : "IHE_ToDo_supplier"
  },
  {
    "id" : "ihe.iti.vhl",
    "type" : "ImplementationGuide",
    "url" : "https://profiles.ihe.net/ITI/VHL/ImplementationGuide/ihe.iti.vhl",
    "version" : "0.0.1-current",
    "name" : "IHE_ITI_VHL"
  },
  {
    "id" : "IHE.ToDo.laugh",
    "type" : "StructureDefinition",
    "url" : "https://profiles.ihe.net/ITI/VHL/StructureDefinition/IHE.ToDo.laugh",
    "version" : "0.0.1-current",
    "name" : "ToDoLaugh"
  },
  {
    "id" : "ihe-ToDo-laughing-positions",
    "type" : "ValueSet",
    "url" : "https://profiles.ihe.net/ITI/VHL/ValueSet/ihe-ToDo-laughing-positions",
    "version" : "0.0.1-current",
    "name" : "IheToDoLaughing"
  }
]
