<?xml version="1.0" encoding="UTF-8"?>

<Encounter xmlns="http://hl7.org/fhir">
  <id value="ex-encounter"/>
  <meta>
    <security>
      <system value="http://terminology.hl7.org/CodeSystem/v3-ActReason"/>
      <code value="HTEST"/>
    </security>
    <security>
      <system value="http://terminology.hl7.org/CodeSystem/v3-Confidentiality"/>
      <code value="N"/>
    </security>
  </meta>
  <text>
    <status value="generated"/><div xmlns="http://www.w3.org/1999/xhtml"><p class="res-header-id"><b>Generated Narrative: Encounter ex-encounter</b></p><a name="ex-encounter"> </a><a name="hcex-encounter"> </a><a name="ex-encounter-en-US"> </a><p><b>status</b>: Finished</p><p><b>class</b>: <a href="http://terminology.hl7.org/6.2.0/CodeSystem-v3-ActCode.html#v3-ActCode-HH">ActCode HH</a>: home health</p><p><b>subject</b>: <a href="Patient-ex-patient.html">Jack Smith  Other, DoB: 1923-07-25</a></p></div>
  </text>
  <status value="finished"/>
  <class>
    <system value="http://terminology.hl7.org/CodeSystem/v3-ActCode"/>
    <code value="HH"/>
  </class>
  <subject>
    <reference value="Patient/ex-patient"/>
  </subject>
</Encounter>