{
  "codeSystems" : [
    {
      "url" : "http://hl7.org/fhir/ValueSet/body-site",
      "version" : "4.0.1",
      "status" : "draft",
      "name" : "SNOMEDCTBodyStructures",
      "title" : "SNOMED CT Body Structures",
      "description" : "This value set includes all codes from [SNOMED CT](http://snomed.info/sct) where concept is-a 442083009 (Anatomical or acquired body site (body structure)).",
      "systems" : ["http://snomed.info/sct"],
      "oids" : ["2.16.840.1.113883.4.642.3.141"],
      "sources" : ["2.16.840.1.113883.4.642.3.141"],
      "uses" : {
      },
      "StructureDefinition-IHE.ToDo.laugh.html" : "IHE ToDo Laugh Observation"
    },
    {
      "url" : "https://profiles.ihe.net/ITI/VHL/ValueSet/ihe-ToDo-laughing-positions",
      "version" : "0.0.1-current",
      "status" : "draft",
      "name" : "IheToDoLaughing",
      "title" : "The positions during laughing",
      "description" : "These are the body positions that IHE ToDo laughing. The valueset is not a good one as it is being used in BodySite but it is not the site on the body but the position of the body... but this is just for fun.",
      "systems" : ["http://loinc.org"],
      "uses" : {
      },
      "StructureDefinition-IHE.ToDo.laugh.html" : "IHE ToDo Laugh Observation"
    }
  ]
}
