{
  "codeSystems" : [
    {
      "url" : "https://profiles.ihe.net/ITI/VHL/ValueSet/ihe-ToDo-laughing-positions",
      "version" : "0.0.1-current",
      "status" : "draft",
      "name" : "IheToDoLaughing",
      "title" : "The positions during laughing",
      "description" : "These are the body positions that IHE ToDo laughing. The valueset is not a good one as it is being used in BodySite but it is not the site on the body but the position of the body... but this is just for fun.",
      "systems" : ["http://loinc.org"]
    }
  ]
}
