{
  "resourceType" : "Encounter",
  "id" : "ex-encounter",
  "meta" : {
    "security" : [{
      "system" : "http://terminology.hl7.org/CodeSystem/v3-ActReason",
      "code" : "HTEST"
    },
    {
      "system" : "http://terminology.hl7.org/CodeSystem/v3-Confidentiality",
      "code" : "N"
    }]
  },
  "text" : {
    "status" : "generated",
    "div" : "<div xmlns=\"http://www.w3.org/1999/xhtml\"><p class=\"res-header-id\"><b>Generated Narrative: Encounter ex-encounter</b></p><a name=\"ex-encounter\"> </a><a name=\"hcex-encounter\"> </a><a name=\"ex-encounter-en-US\"> </a><p><b>status</b>: Finished</p><p><b>class</b>: <a href=\"http://terminology.hl7.org/6.2.0/CodeSystem-v3-ActCode.html#v3-ActCode-HH\">ActCode HH</a>: home health</p><p><b>subject</b>: <a href=\"Patient-ex-patient.html\">Jack Smith  Other, DoB: 1923-07-25</a></p></div>"
  },
  "status" : "finished",
  "class" : {
    "system" : "http://terminology.hl7.org/CodeSystem/v3-ActCode",
    "code" : "HH"
  },
  "subject" : {
    "reference" : "Patient/ex-patient"
  }
}