{
  "resourceType" : "Patient",
  "id" : "ex-patient",
  "meta" : {
    "security" : [{
      "system" : "http://terminology.hl7.org/CodeSystem/v3-ActReason",
      "code" : "HTEST"
    }]
  },
  "text" : {
    "status" : "generated",
    "div" : "<div xmlns=\"http://www.w3.org/1999/xhtml\"><p class=\"res-header-id\"><b>Generated Narrative: Patient ex-patient</b></p><a name=\"ex-patient\"> </a><a name=\"hcex-patient\"> </a><a name=\"ex-patient-en-US\"> </a><p style=\"border: 1px #661aff solid; background-color: #e6e6ff; padding: 10px;\">Jack Smith  Other, DoB: 1923-07-25</p><hr/><table class=\"grid\"><tr><td style=\"background-color: #f3f5da\" title=\"Ways to contact the Patient\">Contact Detail</td><td colspan=\"3\">WI USA </td></tr></table></div>"
  },
  "name" : [{
    "use" : "usual",
    "family" : "Smith",
    "given" : ["Jack"]
  },
  {
    "use" : "old",
    "family" : "Schnidt",
    "given" : ["John",
    "Jacob",
    "Jingle",
    "Heimer"],
    "period" : {
      "end" : "1960"
    }
  },
  {
    "use" : "official",
    "family" : "Smith",
    "given" : ["John",
    "Jacob",
    "Jingleheimer"],
    "period" : {
      "start" : "1960-01-01"
    }
  }],
  "gender" : "other",
  "birthDate" : "1923-07-25",
  "address" : [{
    "state" : "WI",
    "country" : "USA"
  }]
}